{"cameraMode":{"drawMode":0,"name":"Shaded","section":"Shading Mode"},"sceneLighting":false,"audioPlay":false,"sceneViewState":{"showFog":true,"showMaterialUpdate":false,"showSkybox":false,"showFlares":true,"showImageEffects":true,"showParticleSystems":true},"in2DMode":false,"pivot":{"x":10.56129264831543,"y":-1.4127557277679444,"z":-15.274829864501954},"rotation":{"x":-0.009841379709541798,"y":0.7015027403831482,"z":-0.009687766432762146,"w":-0.7125329971313477},"size":3.5563974380493166,"orthographic":false}