{"cameraMode":{"drawMode":0,"name":"Shaded","section":"Shading Mode"},"sceneLighting":false,"audioPlay":false,"sceneViewState":{"showFog":true,"showMaterialUpdate":false,"showSkybox":false,"showFlares":true,"showImageEffects":true,"showParticleSystems":true},"in2DMode":false,"pivot":{"x":845.8875122070313,"y":366.0,"z":0.3799999952316284},"rotation":{"x":0.22822681069374085,"y":-0.07732247561216355,"z":0.01819589175283909,"w":0.97036212682724},"size":3042.20361328125,"orthographic":false}