{"cameraMode":{"drawMode":0,"name":"Shaded","section":"Shading Mode"},"sceneLighting":false,"audioPlay":false,"sceneViewState":{"showFog":true,"showMaterialUpdate":false,"showSkybox":false,"showFlares":true,"showImageEffects":true,"showParticleSystems":true},"in2DMode":false,"pivot":{"x":-80.75482177734375,"y":98.8800048828125,"z":-164.7109375},"rotation":{"x":-0.19064457714557649,"y":-0.042396705597639087,"z":0.008241849020123482,"w":-0.9807085990905762},"size":33.81230163574219,"orthographic":false}